name,price,location,link,condition,cylinders,drive,fuel,odometer,paint color,title status,transmission,type,VIN
2008 LAND ROVER RANGE ROVER Supercharged V8 No Accident Pearl White,"$13,900",Vancouver,https://www.craigslist.org/view/d/vancouver-2008-land-rover-range-rover/moU8pz92T6aY89bxtYmnu7,like new,8 cylinders,4wd,gas,"115,000",white,clean,automatic,SUV,
"2003 Audi A4 3.0L V6 Cabriolet Convertible — 194,000 km — Clean Title","$4,000",Burnaby,https://www.craigslist.org/view/d/burnaby-2003-audi-a4-30l-v6-cabriolet/dSeRXZEuW5FBnt2DpKrv23,,6 cylinders,,gas,"194,000",grey,clean,automatic,,
2008 Daihatsu Tanto,"$7,800",Richmond,https://www.craigslist.org/view/d/richmond-2008-daihatsu-tanto/h5eoLv2qLPWcvC6Xn4nCoJ,like new,3 cylinders,fwd,gas,"100,000",black,clean,automatic,wagon,
"2012 Kia Sorento LX V6 | Local BC Vehicle | Full Service Records | $3,","$3,999",richmond,https://www.craigslist.org/view/d/richmond-2012-kia-sorento-lx-v6-local/8yCX429viyJmRMo1kE28rZ,,6 cylinders,4wd,gas,"304,293",,clean,automatic,SUV,5XYKTDA21CG271624
2009 Toyota Matrix | Local BC Vehicle | No Accidents | Service Done |,"$7,999",richmond,https://www.craigslist.org/view/d/richmond-2009-toyota-matrix-local-bc/tPvuwFwNgzX7FbiK85RFmW,,4 cylinders,,gas,"255,441",red,clean,automatic,sedan,2T1KU40E59C050931
"2016 Hyundai Elantra GT FWD – Low KM – Great Price – $7,999","$7,998",city of vancouver,https://www.craigslist.org/view/d/richmond-2016-hyundai-elantra-gt-fwd/aUPLhcmVTozUMtWdXAUb96,,4 cylinders,fwd,gas,"167,791",brown,clean,automatic,hatchback,KMHD25LH3GU261969
Snow plow truck and salting machin,"$2,800",Burnaby,https://www.craigslist.org/view/d/burnaby-snow-plow-truck-and-salting/nHhfwEi4aWXiJ4H3Ns68Du,,,,gas,"300,000",,clean,automatic,truck,
2012 WHITE RAM VAN C/V...,"$3,350",Vancouver BC,https://www.craigslist.org/view/d/vancouver-2012-white-ram-van-v/hEJ3668tcY2Kq62KqPZRon,good,6 cylinders,fwd,gas,"352,500",white,clean,automatic,van,
2012 WHITE RAM VAN C/V... Long Weekend OFFERS!,"$3,350",Vancouver BC,https://www.craigslist.org/view/d/vancouver-2012-white-ram-van-v-long/7C6dTAfSBfTXn9dxu5MNmh,good,6 cylinders,fwd,gas,"352,500",white,clean,automatic,van,
Rare 2008 Audi A4 2.0T S-Line,"$6,900",Richmond,https://www.craigslist.org/view/d/richmond-rare-2008-audi-a4-20t-line/fKARqKM2oLc7aHr6qnVoxs,excellent,4 cylinders,4wd,gas,"183,000",black,clean,manual,sedan,
2001 Jeep Wrangler TJ,"$6,000",Burquitlam,https://www.craigslist.org/view/d/coquitlam-north-2001-jeep-wrangler-tj/j53q4rwo3bG1RYhN6rKn4v,good,6 cylinders,4wd,gas,"331,500",black,clean,manual,SUV,
2023 Dodge Durango R/T,"$55,900",North Vancouver,https://www.craigslist.org/view/d/north-vancouver-2023-dodge-durango-t/duenwZfR5F76AQaN5fqwif,excellent,8 cylinders,4wd,gas,"28,300",white,clean,automatic,SUV,
1991 vw westfalia 4 speed fully restored,"$28,888",/Richmond,https://www.craigslist.org/view/d/richmond-west-1991-vw-westfalia-speed/5iZGpgUPBSj4k6u1H4dx9d,,4 cylinders,rwd,gas,"147,000",,clean,manual,minivan,
2005 Mercedes E350,"$4,850",Richmond,https://www.craigslist.org/view/d/richmond-west-2005-mercedes-e350/6HxqQFLR2y7prciVVYpVH9,,,4wd,gas,"169,000",,clean,automatic,coupe,
2006 Nissan Elgrand - Luxury Van with Built-in Kitchen 🌅,"$9,000",delta/surrey/langley,https://www.craigslist.org/view/d/surrey-upper-west-2006-nissan-elgrand/mSVZafa2LDY8auncGGWCdX,good,6 cylinders,4wd,gas,"147,000",black,clean,automatic,van,
2010 Honda Ridgeline RTL Top of the line model (RTL),"$15,900",Burnaby,https://www.craigslist.org/view/d/burnaby-2010-honda-ridgeline-rtl-top-of/82VD6psxnHV651YzFQwGe4,excellent,6 cylinders,4wd,gas,"192,349",black,clean,automatic,pickup,
"Hyundai Accent- good on gas, easy to park","$4,500",English Bay,https://www.craigslist.org/view/d/vancouver-hyundai-accent-good-on-gas/37MZqMWzf8ET7Pkus3GJHC,,,,gas,"148,716",,clean,automatic,,
WANTED DODGE DIESEL 4X4 2500 3500 ANY CONDTION,"$28,888",city of vancouver,https://www.craigslist.org/view/d/langley-township-southwest-wanted-dodge/5npS3oPKSPxkEFTML7vUgC,good,6 cylinders,,diesel,"888,888",custom,clean,other,,
Mercedes Benz,"$6,995",Surrey,https://www.craigslist.org/view/d/surrey-mercedes-benz/uj3pnBkeKnVC9bsCqFak4K,excellent,6 cylinders,rwd,gas,"175,000",brown,clean,automatic,sedan,
2021 VW JETTA COMFORT LINE PERFECT CONDITION,"$18,000",Burnaby,https://www.craigslist.org/view/d/burnaby-2021-vw-jetta-comfort-line/teQcm1aAYbdbMcRSda3jtJ,like new,4 cylinders,fwd,gas,"81,000",white,clean,automatic,sedan,
2005 Jeep Wrangler Unlimited LJ,"$24,000",tricities/pitt/maple,https://www.craigslist.org/view/d/maple-ridge-2005-jeep-wrangler/vaAg7zDCTcKswzqsKc6MPt,excellent,6 cylinders,,gas,"235,000",blue,clean,manual,SUV,
2003 Lexus ES300 - Reliable Daily Driver!,"$5,000",Langley,https://www.craigslist.org/view/d/langley-township-north-2003-lexus-es300/dZ7qVAZK9tcbbmgGyy6uGA,excellent,6 cylinders,4wd,gas,"315,000",blue,clean,automatic,sedan,
"2011 V.W, Jetta 4 Doors, Automatic","$4,300",Burnaby,https://www.craigslist.org/view/d/burnaby-2011-vw-jetta-doors-automatic/1eRr5bwz8ztFkLE7V3mwJs,excellent,4 cylinders,fwd,gas,"180,251",silver,clean,automatic,sedan,
2010 Mazda 3 GT Sport Hatchback,"$6,800",Newton,https://www.craigslist.org/view/d/surrey-upper-west-2010-mazda-gt-sport/qJU8opakEPHctzK6b43Xfx,good,,,gas,"212,000",,clean,automatic,hatchback,
1968 MUSTANG,"$30,000",COQUITLAM,https://www.craigslist.org/view/d/coquitlam-north-1968-mustang/7W2RkhB26ahggwg4s2C1uE,excellent,8 cylinders,rwd,gas,"1,000",red,clean,manual,coupe,
2018  SPRINGDALE TRAVEL TRAILER. 201 RDWE,"$20,000",COQUITLAM,https://www.craigslist.org/view/d/coquitlam-north-2018-springdale-travel/qgL4s12dtwXm9cdJZ6q9fL,like new,,,other,1,grey,clean,other,,
Alfa Romeo Spider Veloce,"$11,500",delta/surrey/langley,https://www.craigslist.org/view/d/surrey-lower-west-alfa-romeo-spider/vMKhvh5cTQ1nCfj2Chdgya,good,4 cylinders,rwd,gas,"154,000",red,rebuilt,manual,convertible,
2009 dodge ram 1500 4x4 Hemi 5.7L crew cab,"$5,650",delta/surrey/langley,https://www.craigslist.org/view/d/surrey-east-2009-dodge-ram-x4-hemi-57l/5KcLgPREjcythzRTPkfdkf,,,,gas,"160,000",,clean,automatic,pickup,
2014 Ford E-350 Bucket Truck,"$12,950",Burnaby,https://www.craigslist.org/view/d/burnaby-2014-ford-350-bucket-truck/sW4LXjLq4CcGHnbcPrTex1,excellent,8 cylinders,rwd,gas,"204,882",blue,clean,automatic,van,
Ford Escape 2009,"$4,500",East Vancouver,https://www.craigslist.org/view/d/vancouver-ford-escape-2009/iZpFA6SHjFoGTSx8TrCff8,good,6 cylinders,4wd,gas,"280,000",,clean,automatic,SUV,
2009 Mercedes Benz b200,"$1,750",Burnaby,https://www.craigslist.org/view/d/burnaby-2009-mercedes-benz-b200/wQ8yCjShnw41LHFfjrCiJh,,,,gas,"140,000",,clean,automatic,,
2014 Chevrolet Cruze LT,"$5,800",New Westminster,https://www.craigslist.org/view/d/new-westminster-southwest-2014/mUqGs8kERAeu2zKoqHyRsc,excellent,4 cylinders,fwd,gas,"146,000",,clean,automatic,sedan,
Quick Moving * 2016 Subaru WRX sports PKG . 6 speed manual*Clean Title,"$15,500",Surrey,https://www.craigslist.org/view/d/surrey-upper-west-quick-moving-subaru/7vUUDc4RGP5qwgGVR3sniy,excellent,4 cylinders,4wd,gas,"170,000",,clean,manual,sedan,
2009 Nissan Rogue SL AWD  SUV .. Automatic.. 4 cylinders,"$3,900",Surrey,https://www.craigslist.org/view/d/surrey-upper-west-2009-nissan-rogue-sl/eC3x1VQg8yrQNGeWFqT7BZ,good,4 cylinders,4wd,gas,"237,000",,clean,automatic,SUV,
2013 Sprinter 2500 high roof extra long base cargo van camper van,"$1,234",Surrey,https://www.craigslist.org/view/d/surrey-north-2013-sprinter-2500-high/oDzKawhSa9Pwk7S66zPLPz,excellent,6 cylinders,rwd,diesel,"1,234",white,salvage,automatic,van,
2017 Subaru Crosstrek  eyesighted  camera AWD SUV 71k Outback Forester,"$11,550",109xx 139a st Surrey,https://www.craigslist.org/view/d/surrey-north-2017-subaru-crosstrek/tT8NwZL61maxFXxgBtNhpx,excellent,4 cylinders,4wd,gas,"71,000",grey,rebuilt,automatic,SUV,
2016 Nissan Leaf EV great condition no issue 120kms for full charge,"$6,550",109xx 139a st Surrey,https://www.craigslist.org/view/d/surrey-north-2016-nissan-leaf-ev-great/bc8YnZzAdZ21quL5JGi31Y,excellent,,fwd,electric,"122,000",grey,rebuilt,automatic,hatchback,
Volvo V70 wagon Awd turbo clean luxury,"$2,750",delta/surrey/langley,https://www.craigslist.org/view/d/surrey-east-volvo-v70-wagon-awd-turbo/wiYe4Wq6u3kZWkbi6pHD9o,,,,gas,"50,000",,clean,automatic,wagon,
*** CLASSIC C4 CORVETTE -REMOVABLE TARGA TOP ***,"$12,500",Vancouver,https://www.craigslist.org/view/d/vancouver-classic-c4-corvette-removable/gHehYwSpcxGhCyEw4ki69N,good,8 cylinders,rwd,gas,"157,400",grey,clean,automatic,coupe,
2014 Chevrolet Cruze LT,"$9,995",Surrey,https://www.craigslist.org/view/d/surrey-2014-chevrolet-cruze-lt/f5pymwtjH83mq7mWs853FL,,,,gas,"89,640",,clean,automatic,sedan,
2019 Honda Accord EX-L,"$26,995",Surrey,https://www.craigslist.org/view/d/surrey-2019-honda-accord-ex/cnzaHZ4Brux7ZBGbUfe7m7,,,,gas,"66,100",,clean,automatic,sedan,
2015 Hyundai Elantra,"$11,995",Surrey,https://www.craigslist.org/view/d/surrey-2015-hyundai-elantra/7eQ76HpwZgvw6LFqejWJjR,,,,gas,"64,108",,clean,automatic,,
2018 Subaru BRZ Sport-Tech RS,"$16,995",Surrey,https://www.craigslist.org/view/d/surrey-2018-subaru-brz-sport-tech-rs/nvwHFQucKDC6SRkU86B6X5,,,,gas,"190,877",,clean,automatic,coupe,
2019 Ford Fusion Hybrid Titanium,"$18,995",Surrey,https://www.craigslist.org/view/d/surrey-2019-ford-fusion-hybrid-titanium/pHSCgaFw4QGjpiskWeVfP4,,,,hybrid,"133,380",,clean,automatic,sedan,
2018 Audi A5 Sportback Technik S-Line,"$18,995",Surrey,https://www.craigslist.org/view/d/surrey-2018-audi-a5-sportback-technik/cwhQHCiWkfXErYfQ7udUic,,,,gas,"176,461",,clean,automatic,,
2008 Acura RDX - 1 OWNER,"$12,888",Surrey,https://www.craigslist.org/view/d/surrey-2008-acura-rdx-owner/odjjsDvAz72ptVTDbc79F8,,,,gas,"127,350",,clean,automatic,,
2016 Jaguar XJ R-Sport,"$25,995",Surrey,https://www.craigslist.org/view/d/surrey-2016-jaguar-xj-sport/2Twx4zJx6KtAT9V2GGG9Nd,,,,gas,"56,740",,clean,automatic,,
2014 BMW X3 xDrive28i,"$12,995",Richmond,https://www.craigslist.org/view/d/richmond-2014-bmw-x3-xdrive28i/hkgERqxUJ9x2P76EGzEMBr,,,,gas,"110,200",,clean,automatic,,
2019 Nissan Qashqai SV AWD,"$10,995",Surrey,https://www.craigslist.org/view/d/surrey-2019-nissan-qashqai-sv-awd/no16H4rpt3q6f7PHaEzcfY,,,,gas,"167,304",,clean,automatic,,
2006 Honda Civic,"$9,995",Surrey,https://www.craigslist.org/view/d/surrey-2006-honda-civic/d2oWCU7mpGGqK97q64aihy,,,,gas,"134,183",,clean,automatic,,
2011 Volkswagen Tiguan SEL 4-motion,"$8,495",Richmond,https://www.craigslist.org/view/d/richmond-2011-volkswagen-tiguan-sel/sq89YQEpcJTeAJPYNzGA4G,,,,gas,"155,753",,clean,automatic,,
2013 Ford Escape SE AWD,"$9,988",Surrey,https://www.craigslist.org/view/d/richmond-2013-ford-escape-se-awd/fpe8A33xZKR575kec5YS1E,,,,gas,"173,017",,clean,automatic,SUV,
2009 Ford Escape V6 AWD,"$8,995",Richmond,https://www.craigslist.org/view/d/richmond-2009-ford-escape-v6-awd/3PG28CxKxqxErDuMEGnPBQ,,,,gas,"184,968",,clean,automatic,SUV,
2016 Kia Sedona (No accidents),"$11,995",Richmond,https://www.craigslist.org/view/d/richmond-2016-kia-sedona-no-accidents/sKrASuvQyRjwrnSBqjjQno,,,,gas,"154,015",,clean,automatic,minivan,
2016 Mazda CX-9 GT AWD,"$19,995",Surrey,https://www.craigslist.org/view/d/richmond-2016-mazda-cx-gt-awd/uLXuxB18eUCwRpg7svewHT,,,,gas,"120,454",,clean,automatic,,
"""2009 Chevrolet Aveo – Well Maintained | Service Records Available","$3,600","Vancouver, BC",https://www.craigslist.org/view/d/west-vancouver-2009-chevrolet-aveo-well/okdgngjh1jsFZFa5jXAfvj,like new,4 cylinders,fwd,gas,"155,954",grey,clean,automatic,sedan,
2008 subaru legecy,"$6,500",Coquitlam,https://www.craigslist.org/view/d/port-coquitlam-central-2008-subaru/nUMn85xXio7TzVXARu1cjt,excellent,4 cylinders,4wd,gas,"165,000",brown,clean,automatic,sedan,
"1999 Toyota 4runner SR5 Rarity, 57,400 kms","$34,000",city of vancouver,https://www.craigslist.org/view/d/vancouver-1999-toyota-4runner-sr5/rNvxnwgpY3XBDNU3tAJFeL,,,,gas,"57,400",,clean,automatic,SUV,
2022 Ford Explorer Platinum w/ rooftop cargo carrier,"$43,900",Port Coquitlam,https://www.craigslist.org/view/d/port-coquitlam-2022-ford-explorer/rjEuQiuP1FSEa4LmBufdnp,excellent,6 cylinders,4wd,gas,"53,080",grey,clean,automatic,SUV,
Mini Paceman S,"$8,900",city of vancouver,https://www.craigslist.org/view/d/vancouver-mini-paceman/9m6cB2wVMEomUMmjuUQ6bk,,,,gas,"119,000",,clean,manual,,
1972 chevrolet c10,"$19,999",chilliwack,https://www.craigslist.org/view/d/chilliwack-central-1972-chevrolet-c10/fe99hMeHkhYBrrgqb6KXUv,,,,gas,123,,clean,automatic,,
2008 Chrysler Aspen Limited 4X4 HEMI -  7 Seater,"$3,500",Delta BC,https://www.craigslist.org/view/d/delta-east-2008-chrysler-aspen-limited/xsHTy3zDSbA2SiaZvjkT6u,good,8 cylinders,4wd,gas,"296,000",grey,clean,automatic,SUV,
2002 Mercedes SLK320,"$8,000",North Burnaby,https://www.craigslist.org/view/d/burnaby-2002-mercedes-slk320/i9XkhRF345PqN9eXpCzANk,excellent,6 cylinders,rwd,gas,"98,000",silver,clean,automatic,convertible,WDBKK65F32F262497
1998 Mercedes SLK230,"$8,000",North Burnaby,https://www.craigslist.org/view/d/burnaby-1998-mercedes-slk230/w3HVNDxcjmi8bzSQzYYRSX,excellent,4 cylinders,rwd,gas,"64,000",silver,clean,automatic,sedan,WDB1704471F101790
2018 Honda Civic Touring - Clean Title,"$18,800",Surrey,https://www.craigslist.org/view/d/surrey-2018-honda-civic-touring-clean/cKyd5JUdLJwwuKkjQwUpqY,excellent,4 cylinders,fwd,gas,"89,000",black,clean,automatic,sedan,
2013 Kia Rio - One Owner,"$5,950",Surrey,https://www.craigslist.org/view/d/surrey-2013-kia-rio-one-owner/pA49iCPBbPcgGgndcoynBm,excellent,4 cylinders,fwd,gas,"129,000",grey,clean,automatic,sedan,
2013 Hyundai Veloster  LOADED OPTIONS REARVIEW CAMERA,"$6,500",coquitlam bc,https://www.craigslist.org/view/d/coquitlam-2013-hyundai-veloster-loaded/4pW4vWijJnYAafhVmQNTo9,like new,4 cylinders,fwd,gas,"90,000",orange,rebuilt,automatic,coupe,
HONDA CIVIC 2007 STICK SHIFT,"$1,400",North vancouver,https://www.craigslist.org/view/d/north-vancouver-honda-civic-2007-stick/etaYuF6ryjnTJ1pQ6FR64m,good,4 cylinders,4wd,gas,"289,000",silver,clean,manual,sedan,
Mercedes benz ml 350 4x4 bluetech 21 inch amg wheels,"$6,750",Vancouver,https://www.craigslist.org/view/d/vancouver-mercedes-benz-ml-350-4x4/kGtBaxEnDkkMTfvfAQh2y9,like new,6 cylinders,4wd,diesel,"250,000",black,clean,automatic,sedan,
2026 Nissan Kicks SV FWD,"$29,140",north shore,https://www.craigslist.org/view/d/north-vancouver-southwest-2026-nissan/2ktrvFFvBs9z6zfZ1WK523,new,4 cylinders,fwd,gas,20,white,clean,automatic,SUV,
2025 Nissan Rogue AWD SL,"$34,183",north shore,https://www.craigslist.org/view/d/north-vancouver-southwest-2025-nissan/vsHDWDbbrFPTYvwNrcscey,like new,3 cylinders,4wd,gas,"7,116",white,clean,automatic,SUV,
2026 Nissan Sentra SV Premium,"$30,610",north shore,https://www.craigslist.org/view/d/north-vancouver-southwest-2026-nissan/hhTnDvdhA3qa4d4CrFqbTB,new,4 cylinders,fwd,gas,25,,clean,automatic,sedan,
2026 Nissan Sentra SR,"$30,455",north shore,https://www.craigslist.org/view/d/north-vancouver-southwest-2026-nissan/suhoRBZgrmcZuedzsu8W6L,new,4 cylinders,fwd,gas,25,white,clean,automatic,sedan,
Clean Title 1998 Buick Regal LS - (Automatic),"$2,500",north shore,https://www.craigslist.org/view/d/north-vancouver-clean-title-1998-buick/s6WePkYuDwY6jrVQRnuWBs,excellent,6 cylinders,fwd,gas,"226,000",,clean,automatic,sedan,
2018 Land Rover Sport HSE,"$31,874",north shore,https://www.craigslist.org/view/d/north-vancouver-southwest-2018-land/n2NDh21q4LdZd1rehxJqMf,excellent,6 cylinders,4wd,diesel,"120,676",white,clean,automatic,SUV,
Mazda 3 2014 200k rebuild serviced,"$5,400",city of vancouver,https://www.craigslist.org/view/d/burnaby-mazda-rebuild-serviced/3jpQ2JS2UHxLFMHWsc29qB,,,,gas,"225,000",,rebuilt,automatic,sedan,
2004 Saab 9-5 Wagon,"$1,800",Vancouver,https://www.craigslist.org/view/d/vancouver-2004-saab-5-wagon/pCMcTSyjNtdPo63WEFoJTd,good,4 cylinders,,gas,"194,190",blue,clean,automatic,wagon,
2018 Mercedes-Benz GLE,"$31,888",Coquitlam,https://www.craigslist.org/view/d/coquitlam-2018-mercedes-benz-gle/bSewpR8RDGsEiSiCWc4q1V,like new,6 cylinders,4wd,gas,"65,000",brown,clean,automatic,SUV,
** 2012 AUDI Q5 PREMIUM MODEL -3.2 QUATTRO **,"$3,600",Vancouver,https://www.craigslist.org/view/d/vancouver-audi-q5-premium-model-32/wjJyVnrq29Um7hPw9HT5QW,,6 cylinders,4wd,gas,"242,400",,clean,automatic,SUV,
2004 BMW 325CI Convertible low kms!,"$7,800",Central Richmond/Brighouse Station,https://www.craigslist.org/view/d/richmond-2004-bmw-325ci-convertible-low/uHX6LNcGGi7YVDDaQMqHAk,excellent,,,gas,"136,000",,clean,automatic,convertible,
2001 honda accord,"$3,000",coquitlam,https://www.craigslist.org/view/d/coquitlam-2001-honda-accord/kzybWqmaefFqxQyAz5sx6n,like new,4 cylinders,,gas,"260,000",,clean,automatic,sedan,
2018 Mitsubishi outlander PHEV,"$13,900",New Westminster,https://www.craigslist.org/view/d/new-westminster-northeast-2018/6JBUsmjcMS2wYhPM2Fwo3t,good,other,4wd,hybrid,"207,000",silver,clean,automatic,SUV,
Mercedes E550 AMG Edition,"$13,000",Port Moody,https://www.craigslist.org/view/d/port-moody-mercedes-e550-amg-edition/cagSXRAiQneNZPAKSbP1zz,like new,8 cylinders,rwd,gas,"166,800",white,clean,automatic,coupe,
2026 Hyundai Venue Ultimate! Only 4500km,"$26,995",Maple Ridge,https://www.craigslist.org/view/d/maple-ridge-2026-hyundai-venue-ultimate/eVmoLB5kd6fdtU3Axz4ie4,like new,4 cylinders,fwd,gas,"4,500",black,clean,automatic,SUV,
2018 Subaru WRX STi,"$32,995",Maple Ridge,https://www.craigslist.org/view/d/maple-ridge-2018-subaru-wrx-sti/cbkauLik6p9H2AMNQ3B3ic,like new,4 cylinders,4wd,gas,"93,850",blue,clean,manual,sedan,
2025 Honda Civic Touring Hybrid,"$34,995",Maple Ridge,https://www.craigslist.org/view/d/maple-ridge-2025-honda-civic-touring/4ed1AfbkSawtTbzSSRPhXb,like new,4 cylinders,fwd,gas,"24,200",white,clean,automatic,sedan,
2017 Ford Escape Titanium FWD,"$12,995",Maple Ridge,https://www.craigslist.org/view/d/maple-ridge-2017-ford-escape-titanium/iEbB2SYH1K2ZatJ1n9ytNk,like new,4 cylinders,fwd,gas,"130,500",brown,clean,automatic,SUV,
2023 Kia Forte EX+ (Super clean),"$20,995",Port Coquitlam,https://www.craigslist.org/view/d/maple-ridge-2023-kia-forte-ex-super/hLzTwi3vkeeHuH3qzXE9Hy,like new,4 cylinders,fwd,gas,"57,500",black,clean,automatic,sedan,
2021 Nissan Qashqai S AWD,"$19,995",Port Coquitlam,https://www.craigslist.org/view/d/maple-ridge-2021-nissan-qashqai-awd/rSCB2B6t721DyY1QyiC6bP,excellent,4 cylinders,4wd,gas,"67,800",white,clean,automatic,SUV,
2025 Mazda CX-50 GS-L,"$35,995",Port Coquitlam,https://www.craigslist.org/view/d/maple-ridge-2025-mazda-cx-50-gs/oZ4FLcWEGyDDw2zRkyXWc4,like new,4 cylinders,4wd,gas,"47,800",grey,clean,automatic,SUV,
2016 Honda Accord V6 Touring coupe,"$24,995",Port Coquitlam,https://www.craigslist.org/view/d/maple-ridge-2016-honda-accord-v6/aumHjcWCo6Jzt9ZcFzEA6K,like new,6 cylinders,fwd,gas,"82,000",white,clean,automatic,coupe,
Fully loaded BMW 3-series,"$9,800",Burnaby,https://www.craigslist.org/view/d/burnaby-fully-loaded-bmw-series/kB8MJDFnKvhfWbon5r9CB7,excellent,4 cylinders,4wd,gas,"142,100",white,clean,automatic,sedan,
2007 Audi S8 V10,"$21,900",Port Moody,https://www.craigslist.org/view/d/port-moody-2007-audi-s8-v10/1FE5wW2BrRoMjX6jDg3TWR,excellent,10 cylinders,4wd,gas,"138,000",grey,clean,automatic,sedan,
1967 Firebird Convertible ( Trade ),"$35,000",north shore,https://www.craigslist.org/view/d/north-vancouver-southwest-1967-firebird/fvwWdt3M2xhfgGugV8XLm2,excellent,8 cylinders,rwd,gas,300,black,clean,manual,convertible,
1999 Land Rover Discovery 2,"$5,500",Richmond,https://www.craigslist.org/view/d/richmond-1999-land-rover-discovery/dA3oUCiAqAL9hkP5GZWFLy,good,,,gas,"220,000",,clean,automatic,SUV,
1995 SN95 Mustang GT,"$7,000",north shore,https://www.craigslist.org/view/d/north-vancouver-southwest-1995-sn95/wyiArJaT9eckxP8X4HQBPk,good,8 cylinders,rwd,gas,300,green,clean,manual,coupe,
2006 Ford F-550,"$14,500",Delta,https://www.craigslist.org/view/d/delta-2006-ford-550/vnUXjRw46CoHdXmRw5rhyx,,10 cylinders,rwd,gas,"256,656",white,clean,automatic,truck,1FDAW56Y26EA60883
2011 dodge avenger sxt ac cold 4cyl gas saver,"$2,800",delta/surrey/langley,https://www.craigslist.org/view/d/surrey-east-2011-dodge-avenger-sxt-ac/cgiEgCyDzjTz16fGW57KtT,,,,gas,"90,000",,clean,automatic,,
2011 Chevrolet Suburban LTZ XL 7 seater 5.3L,"$5,999",delta/surrey/langley,https://www.craigslist.org/view/d/surrey-east-2011-chevrolet-suburban-ltz/1R4mVSGSahgDdUNyAAsfNA,,8 cylinders,,gas,"140,000",,clean,automatic,SUV,
2026 Honda Civic Sport,"$4,500",GILROY,https://www.craigslist.org/view/d/vancouver-2026-honda-civic-sport/69arDfR3htZ9PhdbMxpVmh,good,4 cylinders,fwd,gas,"31,000",blue,clean,automatic,sedan,
12 Mercedes-Benz BlueTEC 1000kms in tank,"$6,250",delta/surrey/langley,https://www.craigslist.org/view/d/surrey-east-12-mercedes-benz-bluetec/3jvXruoKAeT3mQUPgaGsE7,,,4wd,diesel,"20,000",,clean,automatic,,
2009 Toyota highlander Hybrid With 254K,"$10,998",Surrey,https://www.craigslist.org/view/d/surrey-2009-toyota-highlander-hybrid/iTXQB5u7S89W1vrwQYPDUX,excellent,6 cylinders,4wd,gas,"254,000",black,clean,automatic,SUV,
2017 Hyundai Tucson Ultimate With 133K,"$13,895",Surrey,https://www.craigslist.org/view/d/surrey-2017-hyundai-tucson-ultimate/iD4VvpZ58ogHFKgvhZQWYv,excellent,4 cylinders,4wd,gas,"133,000",custom,clean,automatic,SUV,
1997 Mustang Convertible V6,"$4,850",Port Coquitlam,https://www.craigslist.org/view/d/port-coquitlam-south-1997-mustang/erA38UiuhV8DRhB61aZ1Lo,good,6 cylinders,rwd,gas,"193,000",white,clean,automatic,convertible,
2003 GMC Envoy SLT,"$4,700",burnaby,https://www.craigslist.org/view/d/burnaby-2003-gmc-envoy-slt/ctZpxYM42S3JP5h4CbysyM,excellent,6 cylinders,4wd,gas,"184,000",black,clean,automatic,SUV,
1995 Jaguar XJS Convertible,"$17,888",Port Coquitlam,https://www.craigslist.org/view/d/port-coquitlam-south-1995-jaguar-xjs/m1uiVo3upS9LQAuM7ZQ8hf,excellent,6 cylinders,rwd,gas,"110,000",green,clean,automatic,convertible,
1995 Corvette Convertible - Both Tops Price Reduced,"$16,995",Bellingham,https://www.craigslist.org/view/d/surrey-upper-west-1995-corvette/fuQkcaSdfafpfDeHUtEmbW,excellent,8 cylinders,rwd,gas,"55,900",white,clean,automatic,convertible,
Lexus,"$6,800",burnaby/newwest,https://www.craigslist.org/view/d/burnaby-lexus/ueDiMtfe4RBuS19DwPohsf,,,,gas,"226,000",,clean,automatic,,
"2003 GMC SONOMA LOW LOW KMS!! 93,500!!","$7,999",Burnaby,https://www.craigslist.org/view/d/burnaby-2003-gmc-sonoma-low-low-kms/cpG9nw814YyXqVtu4VBU2J,excellent,6 cylinders,rwd,gas,"93,500",white,clean,automatic,pickup,
2000 SAAB 9.3 > 5sp manual turbo> runs good,"$3,300",West End - Vancouver,https://www.craigslist.org/view/d/vancouver-2000-saab-93-5sp-manual-turbo/ikDHAz8uUvoppq4Vm26gjH,good,4 cylinders,fwd,gas,"225,000",red,clean,manual,hatchback,
BMW X3 xdrive3.0i,"$5,900",Olympic village,https://www.craigslist.org/view/d/vancouver-bmw-x3-xdrive30i/cKjzofNCYzDKR5o9ZdzpY4,excellent,4 cylinders,4wd,gas,"179,000",grey,clean,automatic,SUV,
2010 BMW 328i Xdrive,"$6,900",Vancouver,https://www.craigslist.org/view/d/vancouver-2010-bmw-328i-xdrive/cZaraMpZe2W5mvXWScmTYA,like new,6 cylinders,4wd,gas,"254,775",,clean,automatic,sedan,
2015 Audi Q5 Quattro TFSI,"$7,500",Fraser Valley,https://www.craigslist.org/view/d/abbotsford-southwest-2015-audi-q5/cyBQvbfywdxjEFD5RNKSNT,excellent,4 cylinders,fwd,gas,"200,500",black,clean,automatic,SUV,
2013 Ford Escape 4WD clean title,"$6,700",tricities/pitt/maple,https://www.craigslist.org/view/d/coquitlam-2013-ford-escape-4wd-clean/ugbXnUEwraNRfzLEhL85rE,,,,gas,"123,300",,clean,automatic,SUV,
2006 Toyota Tacoma crew cab TRD 4x4 canopy,"$14,199",delta/surrey/langley,https://www.craigslist.org/view/d/surrey-east-2006-toyota-tacoma-crew-cab/637hJuAEiny2GQBsjCnXUv,,,,gas,"218,000",,clean,automatic,pickup,
2008 Mitsubishi Eclipse Spyder GS,"$5,999",Burnaby,https://www.craigslist.org/view/d/burnaby-2008-mitsubishi-eclipse-spyder/1KV5Cz6vjztNAnCfKFQqKX,excellent,4 cylinders,fwd,gas,"115,000",blue,clean,automatic,convertible,
2026 Honda Civic Sport,"$4,500",burnaby/newwest,https://www.craigslist.org/view/d/vancouver-2026-honda-civic-sport/hNSY1Kma13jRr32BVPpsTS,good,4 cylinders,fwd,gas,"31,000",,clean,automatic,sedan,
2023 Tesla Model Y Performance,"$45,000",tricities/pitt/maple,https://www.craigslist.org/view/d/port-coquitlam-central-2023-tesla-model/r22b6qaFPEV6cBMiCUQzgw,,,,electric,"95,000",,clean,automatic,,
2007 Jeep Compass,"$2,000",city of vancouver,https://www.craigslist.org/view/d/vancouver-2007-jeep-compass/ng2shKZnYWbkUi2dbpYks8,fair,4 cylinders,fwd,gas,"231,300",silver,clean,automatic,SUV,
Cube van GMC 3500 New Vortex Engine 5.7L,"$14,000",Vancouver,https://www.craigslist.org/view/d/north-island-cube-van-gmc-3500-new/eYSfCuMTwjwmBe5LZ6Ssci,excellent,8 cylinders,rwd,gas,"9,000",white,clean,automatic,van,
Toyota Prius 2015,"$18,900",burnaby,https://www.craigslist.org/view/d/burnaby-toyota-prius-2015/rHih6o2pg3Eoh6LewTo9tt,like new,4 cylinders,fwd,hybrid,"110,000",silver,clean,automatic,hatchback,
2008 GMC Savana 2500 extended Cargo van,"$3,995",Burnaby,https://www.craigslist.org/view/d/burnaby-2008-gmc-savana-2500-extended/bAPuQCuhMgBLuH7Bak7La9,,,,gas,"244,593",,clean,automatic,truck,
2012 Mazda 5,"$4,900",Surrey,https://www.craigslist.org/view/d/surrey-2012-mazda/edK4Sij4RuFaSvEa31qFkt,excellent,4 cylinders,fwd,gas,"214,500",grey,clean,automatic,minivan,
"103,000 KM 2007 JAGUAR XK V8 DROP TOP CONVERTIBLE","$24,900",West Vancouver BC,https://www.craigslist.org/view/d/west-vancouver-km-2007-jaguar-xk-v8/7Vcke86xbaLeZGoxiJJwQg,excellent,8 cylinders,rwd,gas,"103,000",silver,clean,automatic,convertible,
"103,000 KM 2007 JAGUAR XK V8 DROP TOP CONVERTIBLE","$24,900",West Vancouver BC,https://www.craigslist.org/view/d/west-vancouver-km-2007-jaguar-xk-v8/4V8D4h1FsFUoGn6tKQLWb3,excellent,8 cylinders,rwd,gas,"103,000",silver,clean,automatic,convertible,
"103,000 KM 2007 JAGUAR XK V8 DROP TOP CONVERTIBLE","$24,900",West Vancouver BC,https://www.craigslist.org/view/d/west-vancouver-km-2007-jaguar-xk-v8/r9GeahWHbkj9QsRXGp7GF2,excellent,8 cylinders,rwd,gas,"103,000",silver,clean,automatic,convertible,
Ford Excursion limousine money maker,"$8,999",delta/surrey/langley,https://www.craigslist.org/view/d/surrey-east-ford-excursion-limousine/sFq7WiKobVz63BW2uvAjNe,,,,gas,"198,000",,clean,automatic,,
"2003 TOYOTA COROLLA 4 CYL AUTO DRIVES GREAT NO ISSUES MECH 321,000 KM","$1,600",Vancouver,https://www.craigslist.org/view/d/vancouver-2003-toyota-corolla-cyl-auto/6FYkJPmMTyt8ySUU9qAZMg,excellent,4 cylinders,fwd,gas,"321,000",silver,clean,automatic,sedan,
2010 Infinti EX35,"$6,900",Richmond,https://www.craigslist.org/view/d/richmond-2010-infinti-ex35/9LifNh9xixQ2X2xa9PAe26,excellent,6 cylinders,4wd,gas,"229,000",black,clean,automatic,SUV,
2002 Ford F150 FX4 Supercrew 4x4,"$11,900",n delta,https://www.craigslist.org/view/d/burnaby-2002-ford-f150-fx4-supercrew-4x4/jSTKoEhtEefmDu7DuhscUk,like new,8 cylinders,4wd,gas,"234,000",brown,clean,automatic,pickup,
Kia Rondo 2014 Grey Metalic 5 seats,"$5,800",Vancouver,https://www.craigslist.org/view/d/vancouver-kia-rondo-2014-grey-metalic/moRZPmGreMsMZg4BK439BH,excellent,4 cylinders,fwd,gas,"166,000",grey,rebuilt,automatic,SUV,
2011 Ram 1500 Crew Cab Big Horn 4x4 with Low KM,"$10,000",Vancouver,https://www.craigslist.org/view/d/vancouver-2011-ram-1500-crew-cab-big/k6zZak9BAT3YAhP6zJ6j71,excellent,8 cylinders,4wd,gas,"175,300",grey,clean,automatic,truck,
Toyota Camry 2007 (Clean title)-215000 km,"$4,999",Richmond,https://www.craigslist.org/view/d/richmond-toyota-camry-2007-clean-title/dhyF22hrYDvGN7tSdHBTbz,excellent,6 cylinders,fwd,gas,"215,000",purple,clean,automatic,sedan,
2003 Ford Focus 5door 5speed manual ZTW Wagon,"$2,800",Surrey,https://www.craigslist.org/view/d/surrey-outer-northwest-2003-ford-focus/cwfmojEr84Cu15Pd9WfMhp,good,4 cylinders,fwd,gas,"260,000",blue,clean,manual,hatchback,
2003 Ford F-150 XTR Super Cab 4x4,"$3,900",Surrey,https://www.craigslist.org/view/d/surrey-outer-northwest-2003-ford-150/86FQqsesTa3UsZRRQraDFY,good,8 cylinders,4wd,gas,"365,000",red,clean,automatic,pickup,
2012 Kia rio,"$5,500",Surrey,https://www.craigslist.org/view/d/white-rock-2012-kia-rio/7T1MHBN5q3uWkSzuK8gQx2,like new,4 cylinders,4wd,gas,"185,000",blue,clean,automatic,sedan,
"Title: 2016 Porsche Cayenne (Base V6) – Ultra-Low 83,500 km","$28,266",Vancouver,https://www.craigslist.org/view/d/port-coquitlam-central-title-2016/auyaxWBof378vzkvQgjuPu,excellent,4 cylinders,4wd,gas,"83,500",black,clean,automatic,SUV,
2009 Nissan Altima Sedan Auto  4cyl!!,"$3,250",delta/surrey/langley,https://www.craigslist.org/view/d/abbotsford-2009-nissan-altima-sedan/1oZsVL3NyQdwvGi547eWqh,excellent,4 cylinders,fwd,gas,"213,000",silver,clean,automatic,sedan,
"2003 HONDA ACCORD EX 4 CYL AUTO FULLY LOADED DRIVES PERFECT 270,000 KM","$2,000",Vancouver,https://www.craigslist.org/view/d/vancouver-2003-honda-accord-ex-cyl-auto/mxYWRdxorcrX7mMfN7HYFm,excellent,4 cylinders,fwd,gas,"270,000",silver,clean,automatic,sedan,
2008 Porsche 911 Carrera S Coupe,"$75,000",Coquitlam,https://www.craigslist.org/view/d/coquitlam-2008-porsche-911-carrera-coupe/eELX2ndNvtX7dTCEydaHKB,excellent,6 cylinders,rwd,gas,"32,000",,clean,manual,coupe,
2015 Ford Escape tires with steel wheels 235/55R17 Set of 4,$100,Surrey,https://www.craigslist.org/view/d/surrey-2015-ford-escape-tires-with/6jWbHqjZJGRwZtZKPkhCej,,,,other,"12,000",,clean,other,,
BMW for Sale,"$8,900",Kelowna,https://www.craigslist.org/view/d/surrey-east-bmw-for-sale/2y5ESVj3MxeLavsPkFD9DD,excellent,8 cylinders,rwd,gas,"167,500",white,clean,automatic,sedan,WBAKB83579CY60740
Mini Cooper S,"$8,000",West Vancouver,https://www.craigslist.org/view/d/west-vancouver-mini-cooper/3coScTr18gpY7KGmeKqSNv,excellent,4 cylinders,fwd,gas,"175,000",grey,clean,manual,hatchback,
2018 Mercedes-Benze B250-55880KM- All Wheel Drive,"$22,900",burnaby/newwest,https://www.craigslist.org/view/d/new-westminster-southwest-2018-mercedes/17CX6hUHm28HK6H6ukkaqX,like new,4 cylinders,4wd,gas,"55,880",white,clean,automatic,hatchback,
1994 C4 Corvette,"$17,500",Burnaby,https://www.craigslist.org/view/d/burnaby-1994-c4-corvette/tCwMRx1vZr2PM6wVwcxgQi,excellent,8 cylinders,rwd,gas,"63,000",black,clean,automatic,coupe,
2016 Volkswagen Tiguan,"$8,995",Surrey,https://www.craigslist.org/view/d/surrey-2016-volkswagen-tiguan/cKrDYkLUGrnSSR26pV1A7w,excellent,4 cylinders,4wd,gas,"160,000",grey,rebuilt,automatic,SUV,
2022 Chevy Equinox RS,"$17,995",Surrey,https://www.craigslist.org/view/d/surrey-2022-chevy-equinox-rs/2JnMLyQg5U8CfRAfAwB7bZ,excellent,4 cylinders,4wd,gas,"51,600",silver,clean,automatic,SUV,
2001 Ford Explorer Sport trac,"$18,997",VANCOUVER,https://www.craigslist.org/view/d/vancouver-2001-ford-explorer-sport-trac/m2FnFTgB5iYFdyg5kTxuCq,good,6 cylinders,,gas,"175,000",,clean,automatic,SUV,
2008 TOYOTA VELLFIRE Z - G PACKAGE W/ 100K KM 3.5L V6 4WD,"$15,995",Surrey,https://www.craigslist.org/view/d/surrey-2008-toyota-vellfire-package/wpUd2h2RVuB5G54quoP8Tw,excellent,6 cylinders,4wd,gas,"100,000",silver,clean,automatic,van,
BMW 440i xDrive 2019,"$35,000",Burnaby,https://www.craigslist.org/view/d/burnaby-bmw-440i-xdrive-2019/gcdukdvGoiTRBTqRshcqsQ,like new,6 cylinders,4wd,gas,"120,000",black,clean,automatic,coupe,
2010 Ford Edge SEL AWD SUV,"$3,700",Burnaby,https://www.craigslist.org/view/d/burnaby-2010-ford-edge-sel-awd-suv/mdzadbnY3yGqoesAppUotC,excellent,6 cylinders,4wd,gas,"240,000",silver,clean,automatic,SUV,
2008 Hyundai Entourage/Sedona ReadyToWork,"$2,499",Surrey,https://www.craigslist.org/view/d/surrey-north-2008-hyundai-entourage/6rwn6TiCy2StWRehgueM84,good,6 cylinders,fwd,gas,"251,689",grey,clean,automatic,minivan,
2019 Audi S5 Sportback,"$42,000",South Surrey / Grandview,https://www.craigslist.org/view/d/surrey-2019-audi-s5-sportback/1fhTLarRQFzxHHmhDfAR8s,like new,6 cylinders,,gas,"66,000",black,clean,automatic,,
2005 Pontiac sun fire,"$2,550",delta/surrey/langley,https://www.craigslist.org/view/d/surrey-outer-northwest-2005-pontiac-sun/wfUyppt7VXQtFLw5ZD8njt,,,,gas,"169,000",,clean,automatic,,
2009 Nissan Cube ACCold GasSaver Runs&Drives,"$2,298",Surrey,https://www.craigslist.org/view/d/surrey-north-2009-nissan-cube-accold/9MyNA4LqJ65HYWqz3Ex28P,good,4 cylinders,fwd,gas,"272,688",white,clean,automatic,sedan,
"2007 Toyota Yaris ""5 Speed Manual"" Only 155,000KM Clean Title Car.","$5,500",Surrey,https://www.craigslist.org/view/d/surrey-2007-toyota-yaris-speed-manual/18pcE828ALeRJXsPJhr3hg,excellent,4 cylinders,fwd,gas,"155,000",black,clean,manual,hatchback,
NISSAN ROGUE,"$8,300",Burnaby,https://www.craigslist.org/view/d/vancouver-nissan-rogue/wmQo3McRegTtRB2x9UzGrr,good,4 cylinders,4wd,gas,"108,000",white,clean,automatic,SUV,
"2009 Bmwx5 4,8 sport","$12,500",west coquitlam,https://www.craigslist.org/view/d/coquitlam-north-2009-bmwx5-48-sport/7e91gompLLKTYyiwzDLGMG,excellent,8 cylinders,4wd,gas,"131,000",grey,clean,automatic,SUV,
2015  Toyota corolla S,"$12,950",COQUITLAM,https://www.craigslist.org/view/d/coquitlam-north-2015-toyota-corolla/i1QvyedvnMxfLrgc5Y8K6n,like new,4 cylinders,fwd,gas,"159,000",blue,clean,automatic,sedan,
2006 Honda crv,"$3,400",Surrey,https://www.craigslist.org/view/d/surrey-outer-northwest-2006-honda-crv/cghyGEJcM67bcPo9Podpwz,fair,4 cylinders,4wd,gas,"276,441",black,rebuilt,automatic,SUV,
Porsche 911 carrera Convertible *Mint condition*,"$35,000",Delta,https://www.craigslist.org/view/d/delta-northeast-porsche-911-carrera/uAu9g5x2edbvFKD7yCPh4B,excellent,,,gas,"175,000",,clean,manual,convertible,
Chevy Corvette  **Mint condition**,"$27,000",delta/surrey/langley,https://www.craigslist.org/view/d/delta-northeast-chevy-corvette-mint/qBzF4jrm6zAcKuQVrFGH93,excellent,,,diesel,"160,000",,clean,automatic,coupe,
Wanted: 2022 Lexus RX 450h w/ executive package,$0,city of vancouver,https://www.craigslist.org/view/d/vancouver-wanted-2022-lexus-rx-450h/eKMZQ6HXgMhEZBMovut72c,excellent,,,hybrid,"50,000",,clean,automatic,,
"Dodge Ram Extended Cargo Van $6000 208,000 Kilometer","$6,000",New Westminister,https://www.craigslist.org/view/d/new-westminster-northeast-dodge-ram/jjarSxkcX5ZBDsh9XedFXF,good,,,gas,"208,000",white,rebuilt,automatic,van,
2014 Audi Q5 quattro 3.0L tdi 35mpg,"$6,300",delta/surrey/langley,https://www.craigslist.org/view/d/surrey-east-2014-audi-q5-quattro-30l/kGrsvfyrAuCLFERJGdHgpe,,,,diesel,"20,000",,clean,automatic,SUV,
2006 NISSAN MURANO AWD,"$1,950",surrey,https://www.craigslist.org/view/d/surrey-north-2006-nissan-murano-awd/3ZM5easBV3Sht2iW5HVitY,fair,6 cylinders,4wd,gas,"209,000",orange,rebuilt,automatic,SUV,
Volkswagen Jetta GLI,"$9,000",New Westminster,https://www.craigslist.org/view/d/new-westminster-volkswagen-jetta-gli/5yZj2kmx5DVStEPatsYMQT,like new,4 cylinders,fwd,gas,"182,000",white,clean,automatic,,
2010 Honda Ridgeline 4WD | 1 Owner | BC Local,"$16,000",Surrey,https://www.craigslist.org/view/d/surrey-2010-honda-ridgeline-4wd-owner/abSJjALnvytk7YW8DoQ4UY,excellent,6 cylinders,4wd,gas,"196,600",black,clean,automatic,truck,
2024 Nissan Pathfinder SV AWD,"$40,000",Surrey,https://www.craigslist.org/view/d/surrey-2024-nissan-pathfinder-sv-awd/pgzrSJ3a91P1xZNmaqoXxT,like new,6 cylinders,4wd,gas,"38,800",white,clean,automatic,SUV,
1999 BMW 325I | 105Km’s,"$5,800",Surrey,https://www.craigslist.org/view/d/surrey-1999-bmw-325i-105kms/bkhaJVDLJcRpphjN4XixK3,like new,6 cylinders,rwd,gas,"105,100",silver,clean,automatic,sedan,
2024 GMC Canyon Elevation,"$53,000",Surrey,https://www.craigslist.org/view/d/surrey-2024-gmc-canyon-elevation/cv5Awoxr4WbdNgu8vNBVXt,like new,4 cylinders,4wd,gas,"5,300",grey,clean,automatic,truck,
2017 Toyota Sienna LE | Bluetooth | Tri-Zone Climate Control,"$25,000",Surrey,https://www.craigslist.org/view/d/surrey-2017-toyota-sienna-le-bluetooth/rBFhYcbbfBs3XTq9WPyiPX,excellent,6 cylinders,fwd,gas,"127,800",white,clean,automatic,minivan,
2013 Ford F-150 XLT Super Crew,"$18,000",Surrey,https://www.craigslist.org/view/d/surrey-2013-ford-150-xlt-super-crew/gpsvFEet7Tpqzh3fwomNCg,excellent,8 cylinders,4wd,gas,"162,600",blue,clean,automatic,truck,
2014 Mitsubishi RVR SE S-AWC,"$12,000",Surrey,https://www.craigslist.org/view/d/surrey-2014-mitsubishi-rvr-se-awc/nUSuHMTYi2uHXiaHjYNZh5,excellent,4 cylinders,4wd,gas,"143,300",grey,clean,automatic,SUV,
2022 Chevrolet Camaro SS,"$49,000",Surrey,https://www.craigslist.org/view/d/surrey-2022-chevrolet-camaro-ss/wHoR27pUton1evGWFNadzf,like new,8 cylinders,rwd,gas,"58,100",white,clean,automatic,coupe,
2021 Nissan Rogue Platinum AWD,"$28,000",Surrey,https://www.craigslist.org/view/d/surrey-2021-nissan-rogue-platinum-awd/d6PJAGHrYP2a9gHkLWrMmN,,4 cylinders,4wd,gas,"26,355",black,clean,automatic,SUV,
2015 Silverado High Country,"$16,500",Mission,https://www.craigslist.org/view/d/mission-2015-silverado-high-country/bpbdnExkpT56Ak2TJifXnT,,8 cylinders,,gas,"279,000",blue,clean,automatic,pickup,
2018 Hyundai Santa Fe XL AWD Limited,"$17,995",Langley,https://www.craigslist.org/view/d/langley-city-2018-hyundai-santa-fe-xl/eRaumjzK588qmHM6Bi3QkQ,excellent,6 cylinders,4wd,gas,"140,700",white,clean,automatic,SUV,KM8SNDHF0JU278039
mgb 1973 project or parts car,$650,langley,https://www.craigslist.org/view/d/langley-township-southwest-mgb-1973/ikXmyaW1nnZQRsEVGNucNX,fair,4 cylinders,rwd,gas,"100,000",custom,missing,manual,convertible,
LAMBORGHINI DAMAGED  FOR SALE,"$200,000",city of vancouver,https://www.craigslist.org/view/d/langley-city-lamborghini-damaged-for/tRbrV1TvopCJ3DhBruzigR,,,,gas,"8,888",,salvage,automatic,,
2018 Ford Police Interceptor awd hard to find,"$7,999",delta/surrey/langley,https://www.craigslist.org/view/d/surrey-east-2018-ford-police/9EeXMsMqcno7fUoYh7cMKw,,,,gas,"198,000",,clean,automatic,,
"2010 Mazda 3 Touring clean title 114k new clutch, tires and brakes","$6,700",tricities/pitt/maple,https://www.craigslist.org/view/d/surrey-2010-mazda-touring-clean-title/6iCfPchBfaPuATdo3H3J8p,,,,gas,"114,000",,clean,manual,sedan,
2003 Mercedes Benz E320 Sports Edition with Airmatic suspension,"$8,900",Surrey(Guildford),https://www.craigslist.org/view/d/surrey-north-2003-mercedes-benz-e320/ceHM4vtC9dEufyD6fMufq2,excellent,6 cylinders,rwd,gas,"205,000",silver,clean,automatic,sedan,
1998 Eagle Talon ESI $4950 or best offer,"$4,950",Surrey (Guildford),https://www.craigslist.org/view/d/surrey-north-1998-eagle-talon-esi-4950/5FMggvBLGvm6CGyzQwt6cW,good,4 cylinders,fwd,gas,113,black,clean,automatic,,4E3AK44Y4WE094801
"2013 Hyundai Elantra Well maintained, gas miser","$3,400",delta/surrey/langley,https://www.craigslist.org/view/d/delta-east-2013-hyundai-elantra-well/wWenrptBQd38avVDH7gk2Z,good,4 cylinders,fwd,gas,"234,000",white,rebuilt,automatic,sedan,
INFINITI G35X 2008,"$11,999",delta/surrey/langley,https://www.craigslist.org/view/d/vancouver-infiniti-g35x-2008/nsmDjQEZbUWQcnU6eo4LbA,,,,gas,"135,000",,clean,automatic,,
INFINITI G35X 2008,"$11,999",delta/surrey/langley,https://www.craigslist.org/view/d/vancouver-infiniti-g35x-2008/3V66pMpxcJJACJZeyBmvsd,,,,gas,"135,000",,clean,automatic,,
INFINITI G35X 2008,"$12,000",delta/surrey/langley,https://www.craigslist.org/view/d/vancouver-infiniti-g35x-2008/kEDFRmXbYmBX3umJtBY7va,,,,gas,"125,000",,clean,automatic,,
INFINITI G35X 2008,"$11,999",delta/surrey/langley,https://www.craigslist.org/view/d/vancouver-infiniti-g35x-2008/56uA4x95RRFNi7j2mn53dX,,,,gas,"125,000",,clean,automatic,,
2008 INFINITI G35X,"$12,000",delta/surrey/langley,https://www.craigslist.org/view/d/vancouver-2008-infiniti-g35x/pc1L1YNzqq6rSv5iBHsJ5g,,,,gas,"125,000",,clean,automatic,,
Maserati GT v8 4200 clean title Ferrari Engine tax exempt - no fees,"$16,500",tricities/pitt/maple,https://www.craigslist.org/view/d/coquitlam-maserati-gt-clean-title/kezYLiy7QxgNLKx2w4QyVy,,,,gas,"70,000",,clean,other,,
2017 Jaguar F-Pace S,"$14,800",Richmond,https://www.craigslist.org/view/d/richmond-2017-jaguar-pace/5hUxyfpoFrvcofPxxBk8Af,like new,4 cylinders,4wd,gas,"163,000",white,clean,automatic,SUV,
AUTOART PORSCHE  CARRERA GT  DIE CAST MODEL1:18 Scale - IN THE BOX! On,$475,Vancouver,https://www.craigslist.org/view/d/vancouver-autoart-porsche-carrera-gt/7SxF8U2atYEtq4ByZ3bk4P,new,,,gas,121,,clean,manual,,
2007 Volvo S80 - Fully Loaded! - $9500,"$9,500",Richmond,https://www.craigslist.org/view/d/richmond-southwest-2007-volvo-s80-fully/xsQHr3QyYXYLfAB7QULE9U,excellent,,,gas,"98,200",,clean,automatic,,
3 Sunbeam Alpines / Tiger,"$4,200",Qualicum Beach,https://www.craigslist.org/view/d/qualicum-beach-sunbeam-alpines-tiger/sES8mcgNQ6FWwBMrKjZkQL,,,,gas,"12,345",,missing,manual,,
1992 Dodge Stealth   R/T,"$4,500",Qualicum Beach,https://www.craigslist.org/view/d/qualicum-beach-1992-dodge-stealth-t/utXFws5ppVbEY5Cs29cYXM,,,,gas,"242,000",,clean,manual,,
1997 Suzuki Sidekick 4x4,"$2,000",Vancouver,https://www.craigslist.org/view/d/vancouver-1997-suzuki-sidekick-4x4/dpvqTQziZzqQJDuCTcY6od,fair,4 cylinders,4wd,gas,"329,250",white,clean,automatic,SUV,
1990 Mercedes Benz SL 500,"$17,500",richmond,https://www.craigslist.org/view/d/richmond-southwest-1990-mercedes-benz/8VPQgHLb6NyGKamnFaCjsR,excellent,,,gas,"171,000",silver,clean,automatic,convertible,
2019 Ford Expedition Limited Stealth,"$45,500",richmond,https://www.craigslist.org/view/d/richmond-northeast-2019-ford-expedition/nALnv5iH97S43M6gxkDDaH,,,4wd,gas,"70,000",grey,clean,automatic,SUV,
Toyota Yaris 188k kms,"$4,950",Surrey,https://www.craigslist.org/view/d/surrey-toyota-yaris-188k-kms/dSdxDCgyjQX2TXNovXftLE,good,4 cylinders,fwd,gas,"187,000",white,clean,automatic,sedan,
1974 Toyota Corolla,"$22,250",richmond,https://www.craigslist.org/view/d/richmond-west-1974-toyota-corolla/d3cdx95FQnnWTsQ6xLcYKU,,,,gas,"41,000",,clean,automatic,sedan,
2019 Isuzu NRR 3 ton with possible job,"$33,000",Vancouver,https://www.craigslist.org/view/d/vancouver-2019-isuzu-nrr-ton-with/eDCpYZ4nZ8j5yTSMZDTEib,,,,diesel,"300,000",,clean,automatic,truck,
2012 BMW 328I Hardtop  Convertible 78K km only! NO ACCIDENTS,"$17,900",Richmond,https://www.craigslist.org/view/d/richmond-2012-bmw-328i-hardtop/hubfaZciFuJX9K4sQcKqM1,excellent,6 cylinders,,gas,"78,900",white,clean,automatic,convertible,WBADW3C56CE821777
2014 Ford F-350 Lariat Dually,"$27,950",Surrey,https://www.craigslist.org/view/d/burnaby-2014-ford-350-lariat-dually/dqJMQpzoSwHPVqdNa7DW16,good,8 cylinders,4wd,diesel,"266,504",white,clean,automatic,truck,
1996 Dodge Caravan V3.0L,$700,vancouver,https://www.craigslist.org/view/d/vancouver-1996-dodge-caravan-v30l/pzGRVZmxNMExCNnRm9M6ps,good,6 cylinders,fwd,gas,"192,179",brown,clean,automatic,minivan,
"2005 Volkswagen Jetta GLS 2.0L with 167,564 km","$7,000",Burnaby,https://www.craigslist.org/view/d/burnaby-2005-volkswagen-jetta-gls-20l/7NTYjijqhN4PM4br4knYdd,excellent,4 cylinders,fwd,gas,"167,564",black,clean,automatic,sedan,
2009 Nissan Rogue,"$2,500",Vancouver,https://www.craigslist.org/view/d/vancouver-2009-nissan-rogue/6qiSwhTAnS5gvDQpj6eYQv,good,4 cylinders,4wd,gas,"260,000",grey,clean,automatic,SUV,
*2006 FORD E450 17FT HIGH CUBE BOX DIESEL LOW MILEAGE,"$15,000",Vancouver,https://www.craigslist.org/view/d/vancouver-2006-ford-e450-17ft-high-cube/fPuBAmEMNHJMziwirxwTbV,excellent,,,diesel,"207,000",white,clean,automatic,truck,
2000 GMC T8500 EXC CONDITION,"$22,000",Burnaby,https://www.craigslist.org/view/d/vancouver-2000-gmc-t8500-exc-condition/4iHxv3S5Fr3JwAtsv7aFFW,like new,6 cylinders,,diesel,"250,000",red,clean,automatic,truck,1GDL7C1CXYJ522946
1998 VW GTI 5-spd 2.0L hatchback w/ power sunroof,"$5,900",north vancouver,https://www.craigslist.org/view/d/north-vancouver-1998-vw-gti-spd-20l/rqMa7by3bTc8JaCfmP7gLG,good,4 cylinders,fwd,gas,"311,000",black,clean,manual,hatchback,
TRUCKS FOR SALE LOW KMS PRIVATE SALE OPEN TO OFFERS,$1,Burnaby,https://www.craigslist.org/view/d/vancouver-trucks-for-sale-low-kms/ccWK6U3j6tgtQ7xwejCWCt,excellent,,,diesel,"230,000",white,clean,automatic,truck,
TRUCKS FOR SALE LOW KMS PRIVATE SALE OPEN TO OFFERS,"$22,000",Burnaby,https://www.craigslist.org/view/d/vancouver-trucks-for-sale-low-kms/dRLw3RDEVnQF5ZEWDSCvRt,excellent,,,diesel,"230,000",white,clean,automatic,truck,
*2000 GMC T7500 26FT PWR TAILGATE LOW KMS*,"$22,000",Burnaby,https://www.craigslist.org/view/d/vancouver-2000-gmc-ft-pwr-tailgate-low/2Z66Aq94vm68vMvZ2N5jUo,excellent,other,,diesel,"207,000",white,clean,automatic,truck,
2002 FORD E350 SUPER DUTY,"$12,000",Vancouver,https://www.craigslist.org/view/d/vancouver-2002-ford-e350-super-duty/iTM6shPoDR2AEjh6CLcNWL,good,,,gas,"358,000",white,clean,automatic,truck,
1962 gmc stepside,"$7,500",Surrey,https://www.craigslist.org/view/d/surrey-inner-northwest-1962-gmc-stepside/vaEypV33JdejAs1rhmiVrF,good,,rwd,gas,"123,456",,clean,other,pickup,
2005 long wb montana with 100% solid body & rear wheelchair ramp,"$4,500",surrey,https://www.craigslist.org/view/d/surrey-inner-northwest-2005-long-wb/bosmwuADTzPZ5y4YVKomMR,good,6 cylinders,rwd,gas,"123,456",white,clean,automatic,van,
2005 Infiniti FX45,"$5,000",Kerrisdale,https://www.craigslist.org/view/d/vancouver-2005-infiniti-fx45/hpX1XWnCm1uUpoC7DT2dMx,excellent,8 cylinders,4wd,gas,"265,000",brown,clean,automatic,SUV,
2006 Acura TL Premium,"$1,500",Marine Drive,https://www.craigslist.org/view/d/vancouver-2006-acura-tl-premium/qYGGahMr31aJddjcZ3QuKM,excellent,6 cylinders,fwd,gas,"330,000",silver,clean,automatic,sedan,
2004 TSX 6 Speed Manual,"$8,999",Vancouver,https://www.craigslist.org/view/d/vancouver-2004-tsx-speed-manual/rke5xPDKitRc9gCoXWoWng,excellent,4 cylinders,fwd,gas,"244,000",silver,clean,manual,sedan,
2009 Infiniti FX50S Rare SUV with low kms,"$11,800",Central Richmond/Brighouse Station,https://www.craigslist.org/view/d/richmond-2009-infiniti-fx50s-rare-suv/mKoyGKdzg24WD1jA7fJdzd,like new,,,gas,"92,000",,rebuilt,automatic,SUV,
Corvette Convertible 50th Anniversary 2003,"$35,000",delta/surrey/langley,https://www.craigslist.org/view/d/surrey-south-corvette-convertible-50th/ham1z2fu4rKYdm1WaniNjy,like new,,,gas,"35,994",white,clean,automatic,convertible,
WTB 2005  to 2006 Silverado SS RWD Pickup,$0,bby,https://www.craigslist.org/view/d/burnaby-wtb-2005-to-2006-silverado-ss/8kpRdkTtGz9oKdwNyn4nu5,new,,,gas,"100,000",,clean,automatic,,
W.T.B. 2005 -2006 silverado ss intimidator,"$123,456",bby,https://www.craigslist.org/view/d/burnaby-wtb-silverado-ss-intimidator/c9Gm64QXVgbpWgZLvw6p7M,,,,gas,1,,clean,automatic,,
1988 mustang gt 5.0 convertible,"$20,850",Vancouver,https://www.craigslist.org/view/d/vancouver-1988-mustang-gt-50-convertible/9DZGbSkVe6pqbqsUMGu57G,excellent,8 cylinders,,gas,"193,000",blue,clean,manual,convertible,
2008 Lexus LS600h UI Trim,"$16,000",Surrey,https://www.craigslist.org/view/d/surrey-east-2008-lexus-ls600h-ui-trim/8DCTRaa7DMTPZyT9HBJLT3,excellent,8 cylinders,4wd,hybrid,"109,000",white,clean,automatic,sedan,
1999 Dodge 24V Cummins DIESEL 2WD.. 379kms. w.40k on Tranny!!!,"$8,000","Duncan,B.C.",https://www.craigslist.org/view/d/duncan-1999-dodge-24v-cummins-diesel/kp582UDhboJxXKmLEMB6AV,good,6 cylinders,rwd,diesel,"379,000",white,clean,automatic,truck,
2015 Ford focus ST,"$13,500",Vancouver,https://www.craigslist.org/view/d/vancouver-2015-ford-focus-st/45QTF62oWAEytUhuMVsSGj,excellent,4 cylinders,fwd,gas,"118,000",white,clean,manual,hatchback,
2015 BMW 328i xDrive M Sport,"$15,500",city of vancouver,https://www.craigslist.org/view/d/vancouver-2015-bmw-328i-xdrive-sport/gwvUVrCerzM3BiAugefKts,excellent,4 cylinders,fwd,gas,"104,000",blue,clean,automatic,sedan,
Toyota vellfire 2009,"$15,000",Tsawwassen,https://www.craigslist.org/view/d/delta-southwest-toyota-vellfire-2009/hNqPcgvfW8JxE51one5xsP,excellent,6 cylinders,fwd,gas,"94,110",black,clean,automatic,van,
!! 2005 Yukon !!,"$10,000",Coquitlam,https://www.craigslist.org/view/d/coquitlam-yukon/5YCPWk4wRfaEe81XFALaZ9,,,,gas,"258,000",,clean,automatic,SUV,
2020 Nissan NV200. No Accidents,"$17,950",Surrey,https://www.craigslist.org/view/d/burnaby-2020-nissan-nv200-no-accidents/vbjL2QaTtogkxCi7xWctfe,excellent,4 cylinders,fwd,gas,"78,388",white,clean,automatic,van,
2009 Mazda Tribute FWD,"$3,250",South Surrey,https://www.craigslist.org/view/d/surrey-2009-mazda-tribute-fwd/4Ez8g6sgQDDuJQ9EwJUZcf,good,4 cylinders,fwd,gas,"341,581",black,clean,automatic,SUV,
2006 Bmw 525i luxury no accident clean,"$2,850",delta/surrey/langley,https://www.craigslist.org/view/d/surrey-east-2006-bmw-525i-luxury-no/g6BeifWXUQzFSxSaUfgk81,,,,gas,"195,000",,clean,automatic,sedan,
cargo camper mini van  test drive  pontiac montana,"$2,480",Vancouver BC,https://www.craigslist.org/view/d/surrey-inner-northwest-cargo-camper/wJzCvgYbm6gAYmQkffKqxz,good,6 cylinders,fwd,gas,"250,000",blue,clean,automatic,minivan,
2022 Ford F-250 XLT 4x4 No Accidents,"$22,950",Surrey,https://www.craigslist.org/view/d/burnaby-2022-ford-250-xlt-4x4-no/apS4CXtTvPQ5VDRN5icKhb,excellent,8 cylinders,4wd,gas,"236,889",white,clean,automatic,truck,
2008 FORD ESCAPE XLT  4 WD * LADY DRIVEN EXCELLENT ON FUEL,"$7,000",Greater Vancouver,https://www.craigslist.org/view/d/surrey-north-2008-ford-escape-xlt-wd/g6gQmHgixf37BWUjKB4NAJ,good,4 cylinders,4wd,gas,"294,259",grey,clean,automatic,SUV,
Ford f350 superduty,"$2,000",Ladner,https://www.craigslist.org/view/d/delta-central-ford-f350-superduty/a7WJHXTVgC2pWhZTuvY48C,fair,8 cylinders,4wd,diesel,"375,000",blue,clean,automatic,pickup,
2010 Mercedes C250 automatic,"$6,250",burnaby/newwest,https://www.craigslist.org/view/d/burnaby-2010-mercedes-c250-automatic/uq36rxMczi1q4U3b11ndf1,excellent,6 cylinders,4wd,gas,"145,000",white,clean,automatic,sedan,
1994 ford Club wagon 150 xlt,$0,surrey,https://www.craigslist.org/view/d/surrey-1994-ford-club-wagon-150-xlt/ujGQ1dUQsvZJ9k3UugvHAT,like new,8 cylinders,rwd,gas,"68,000",,clean,automatic,wagon,
2015 Range Rover Sport Supercharged Autobiography,"$19,500",Lions Bay,https://www.craigslist.org/view/d/furry-creek-2015-range-rover-sport/r7Db9KihQC6T4ct3RP21tZ,excellent,,,gas,"236,000",,clean,automatic,SUV,
2021 VW JETTA COMFORT LINE PERFECT CONDITION,"$18,200",Burnaby,https://www.craigslist.org/view/d/burnaby-2021-vw-jetta-comfort-line/h6oQL6SJAeKL9xhHiyokMM,excellent,4 cylinders,fwd,gas,"81,000",white,clean,automatic,sedan,
2021 VW JETTA COMFORT LINE PERFECT CONDITION,"$18,200",Burnaby,https://www.craigslist.org/view/d/burnaby-2021-vw-jetta-comfort-line/ef1ssYwASrturx7bS94dsJ,excellent,4 cylinders,fwd,gas,"81,000",white,clean,automatic,sedan,
2021 VW JETTA COMFORT LINE PERFECT CONDITION  (Burnaby),"$18,800",Burnaby,https://www.craigslist.org/view/d/burnaby-2021-vw-jetta-comfort-line/dvvyfBkGCrqDeRK3RsY8LT,excellent,4 cylinders,fwd,gas,"81,000",white,clean,automatic,sedan,
2009LEXUS ES 350,"$9,700",burnaby/newwest,https://www.craigslist.org/view/d/port-coquitlam-north-2009lexus-es-350/fuyaTJPW6Q7ANwPzTGYWLW,like new,6 cylinders,fwd,gas,"190,000",brown,clean,automatic,sedan,
2002 Suzuki Every Join 4WD 73km A/C Clean Title,"$6,300",New Westminster,https://www.craigslist.org/view/d/new-westminster-southwest-2002-suzuki/11qXmgLQ5ffc5eHaddW7iZ,excellent,3 cylinders,4wd,gas,"73,000",silver,clean,automatic,SUV,
"2009 Honda Vamos RWD 95,000km NEW TIMING BELT","$8,000",New Westminster,https://www.craigslist.org/view/d/new-westminster-southwest-2009-honda/6ne8HKo6iYosGA3oJrSdT3,excellent,3 cylinders,rwd,gas,"95,000",black,clean,automatic,van,
1991 Honda ACTY Truck NEW TIMING BELT Manual 49000km,"$6,200",Surrey,https://www.craigslist.org/view/d/surrey-1991-honda-acty-truck-new-timing/ehZ3AkNWvpD8LLDvAyT4yA,excellent,3 cylinders,rwd,gas,"49,000",white,clean,manual,truck,
"1994 Honda ACTY Truck AWD Manual 127,000km timing belt replaced","$6,900",Surrey,https://www.craigslist.org/view/d/surrey-north-1994-honda-acty-truck-awd/5y5otnjYZwzQ7Kx1BGa6SQ,excellent,3 cylinders,4wd,gas,"127,000",white,clean,manual,truck,
"2009 Turbo Suzuki Wagon R Stingray - 158km 7spd Auto, Clean Title","$8,400",Surrey,https://www.craigslist.org/view/d/surrey-2009-turbo-suzuki-wagon-stingray/5Qa4pFHgsVtMLpXwaeU9oX,good,3 cylinders,fwd,gas,"158,000",blue,clean,automatic,wagon,
2007 Dodge Magnum R/T Hemi - 158000KM,"$9,900",Surrey BC,https://www.craigslist.org/view/d/surrey-upper-west-2007-dodge-magnum-t/eacraE9vGFg6Dnks5yryWR,good,8 cylinders,rwd,gas,"158,000",black,rebuilt,automatic,wagon,
1987 Volkswagen Westfalia Vanagon GL,"$35,000",Vancouver,https://www.craigslist.org/view/d/vancouver-1987-volkswagen-westfalia/cwPZB4S9yX7HE6RQWeZENQ,excellent,,fwd,gas,"345,000",white,clean,manual,van,
"NEW Nissan Rogue (2014-2020) Floor Mats, Carpet",$75,Richmond,https://www.craigslist.org/view/d/richmond-south-new-nissan-rogue-floor/2XGLhn7NZYFGveewJCeBef,new,,,other,1,black,clean,other,SUV,
2014 Jeep Grand Cherokee Limited 4X4,"$9,500",Surrey BC,https://www.craigslist.org/view/d/surrey-upper-west-2014-jeep-grand/28XH4CCJ8QdU3WiwACQ6Bu,excellent,6 cylinders,4wd,gas,"217,000",white,rebuilt,automatic,SUV,
Toyota 2018,"$35,000",delta/surrey/langley,https://www.craigslist.org/view/d/surrey-toyota-2018/ucHZ5Dbav3VweHfKxJo5Y5,good,,,gas,"130,000",silver,clean,automatic,,
2015 Volkswagen Jetta,"$10,000",New Westminster,https://www.craigslist.org/view/d/burnaby-2015-volkswagen-jetta/ca1nVxejoypaoXCeHZBVBE,excellent,4 cylinders,fwd,gas,"100,462",white,clean,automatic,sedan,
Honda Accord DX  2006 (Fully loaded!),"$5,500",Pitt Meadows,https://www.craigslist.org/view/d/pitt-meadows-honda-accord-dx-2006-fully/w8SjobyfbxUyKo2gTHYK2b,excellent,4 cylinders,fwd,gas,"192,000",silver,clean,automatic,sedan,
CHEVY CAVALIER 2002 VERY LOW KMS 90000,"$3,900",Burnaby,https://www.craigslist.org/view/d/burnaby-chevy-cavalier-2002-very-low/ituBg1rGgnbGmmtpYYgoWB,,4 cylinders,fwd,gas,"90,000",grey,clean,automatic,sedan,
LOW MILEAGE - 2025 Mitsubishi Outlander PHEV - SEL AWD,"$47,500",Port Moody,https://www.craigslist.org/view/d/port-moody-low-mileage-mitsubishi/sAcpCUQnQoCB8jz2AzZP44,like new,4 cylinders,4wd,hybrid,"17,200",blue,clean,automatic,SUV,JA4T5VA94SZ606998
2006 BMW M6 *V10 Monster*,"$24,000",delta/surrey/langley,https://www.craigslist.org/view/d/delta-northeast-2006-bmw-m6-v10-monster/c69Q1vemsEvWeHvrrPkL5a,excellent,10 cylinders,,gas,"154,000",,rebuilt,other,,
2013 Chrysler Town and Country van,"$8,200",Vancouver,https://www.craigslist.org/view/d/vancouver-2013-chrysler-town-and/2Bwcw8de5Dm4RbfRmDi5hY,excellent,6 cylinders,fwd,gas,"170,000",blue,clean,automatic,minivan,
Dodge Stealth R/T   * 5speed *,"$8,500",delta/surrey/langley,https://www.craigslist.org/view/d/delta-northeast-dodge-stealth-t-5speed/eo5bnVrrjpn4AanG8S3H1C,excellent,6 cylinders,fwd,gas,"208,000",,clean,manual,,
Toyota RAV4 2012 4WD for Sale!,"$9,800",Burnaby,https://www.craigslist.org/view/d/burnaby-toyota-rav-wd-for-sale/quWWEfpT5AGNNPxj7zadtP,excellent,4 cylinders,4wd,gas,"214,000",silver,rebuilt,automatic,SUV,
2005 Nissan Altima 2.5L SL,"$1,100",Surrey,https://www.craigslist.org/view/d/surrey-northeast-2005-nissan-altima-25l/ciJNCjsEUBC54YN1CT3dNi,fair,4 cylinders,fwd,gas,"256,000",red,clean,automatic,sedan,
Volkswagen Euro van weekender,"$12,950",Vancouver,https://www.craigslist.org/view/d/vancouver-volkswagen-euro-van-weekender/3QasRxVwwjd9k6ymoAJpxx,excellent,6 cylinders,fwd,gas,"231,043",blue,clean,automatic,van,
2004 Mazda 6,"$2,400",North Shore,https://www.craigslist.org/view/d/north-vancouver-2004-mazda/iM3pmrG6cbuUm6pznbnzD1,good,4 cylinders,rwd,gas,"197,000",red,clean,automatic,sedan,
Polaris slingshot 2015,"$17,500",Mission,https://www.craigslist.org/view/d/mission-west-polaris-slingshot-2015/3SA2QFECBSoZPQnnRRqttx,excellent,4 cylinders,rwd,gas,"15,000",red,clean,manual,other,
2013 Nissan Maxima,"$12,000",Surrey,https://www.craigslist.org/view/d/surrey-northeast-2013-nissan-maxima/3Fi7x2MZYqz8iktdYiY3fo,excellent,,,gas,"106,291",white,clean,automatic,sedan,
BMW Wheels,$300,Tsawwassen,https://www.craigslist.org/view/d/delta-southwest-bmw-wheels/5C4n4n1oQzv6SQXudYhbNE,,,,gas,"1,111,111",,clean,automatic,,
1989 Jaguar XJS,"$10,500",north shore,https://www.craigslist.org/view/d/squamish-1989-jaguar-xjs/buuNT6xqRi8vegENYwSFCX,good,12 cylinders,rwd,gas,"69,000",blue,clean,automatic,convertible,
2014 Hyundai Santa Fe - NEW ENGINE - NEW AC - NEW BRAKES,"$11,500",Vancouver,https://www.craigslist.org/view/d/whistler-2014-hyundai-santa-fe-new/oEChv6rmA4GLfWmYmXaZDk,good,4 cylinders,4wd,gas,"144,500",grey,clean,automatic,SUV,
2008 Honda Accord,"$3,100",Burnaby,https://www.craigslist.org/view/d/burnaby-2008-honda-accord/58xhFUeA9veUXryKZBG6ER,like new,4 cylinders,fwd,gas,"287,580",silver,clean,automatic,sedan,
Low Mileage 2009 Toyota Corolla CE,"$9,000",North Vancouver,https://www.craigslist.org/view/d/north-vancouver-northwest-central-low/dMxvg88Gx11JE8FwUAq8Ry,good,4 cylinders,fwd,gas,"137,342",,clean,automatic,sedan,
Mazda CX5,"$18,500",Burnaby,https://www.craigslist.org/view/d/burnaby-mazda-cx5/4T5PAtjtid1X2uVJCNTYBA,good,,,gas,"66,775",grey,clean,automatic,SUV,
"2020 F-150 one owner, low milage","$34,500",Vancouver,https://www.craigslist.org/view/d/north-vancouver-northwest-2020-150-one/1eikh7EYnP9FdWzeJLXCZj,excellent,6 cylinders,4wd,gas,"30,000",grey,clean,automatic,pickup,
2012 Nissan Versa Sedan 1.6 SV With Convenience Package!!!,"$6,390",Richmond/Vancouver,https://www.craigslist.org/view/d/vancouver-2012-nissan-versa-sedan-16-sv/gozf9dAxw9xZScP88JpBw8,good,4 cylinders,fwd,gas,"97,000",grey,clean,automatic,sedan,3N1CN7AP6CL906733
2012 Buick Enclave,"$6,500",Richmond,https://www.craigslist.org/view/d/richmond-2012-buick-enclave/72cxo2e6kCtkewE14EyYx9,excellent,6 cylinders,,gas,"212,000",red,clean,automatic,SUV,
Tdi diesel wagon jetta Volkswagen,"$2,900",Richmond,https://www.craigslist.org/view/d/richmond-tdi-diesel-wagon-jetta/8HynsidvDiD2DU4M4ArYcC,,,,diesel,"420,000",,clean,automatic,,
Tdi diesel wagon jetta Volkswagen,"$2,900",Richmond,https://www.craigslist.org/view/d/richmond-tdi-diesel-wagon-jetta/sGGxQ98Z8hJECn17hihZau,,,,diesel,"480,000",,rebuilt,automatic,,
2011 BMW 335IS 6-Speed Manual Transmission,"$18,000",North Shore,https://www.craigslist.org/view/d/west-vancouver-2011-bmw-335is-speed/jnf7fNGDQPncYWJ54bi5KE,fair,6 cylinders,rwd,gas,"195,500",black,clean,manual,coupe,
2019 Kia Forte EX+ 85k clean title,"$13,499",Coquitlam,https://www.craigslist.org/view/d/coquitlam-2019-kia-forte-ex-85k-clean/s3FiMJzEi14MoW1i6Mzhfc,excellent,4 cylinders,fwd,gas,"85,125",grey,clean,automatic,sedan,
2005 Pontiac sun fire,"$2,550",delta/surrey/langley,https://www.craigslist.org/view/d/surrey-outer-northwest-2005-pontiac-sun/7vmgHnTekr9ChNSaD6BLzv,,,,gas,"169,000",,clean,automatic,,
Mazda 5,"$5,500",Renfrew Heights,https://www.craigslist.org/view/d/vancouver-mazda/jDi3dJiRDCUuNkETFiw2gy,excellent,4 cylinders,fwd,gas,"220,000",grey,clean,automatic,wagon,
"2013 Honda Civic – $7,500 CAD","$7,500",burnaby/newwest,https://www.craigslist.org/view/d/burnaby-2013-honda-civic-cad/xjzWhPjedpxkmpFAyJkkPW,good,,,gas,"25,252",,clean,automatic,,
2009 Hyundia Sportage AWD,"$2,900",Surrey,https://www.craigslist.org/view/d/surrey-2009-hyundia-sportage-awd/ruFT2UpEotTpvAh156n3LU,good,6 cylinders,4wd,gas,"166,211",red,clean,automatic,SUV,
2005 Ford Escape XLT,"$1,995",Burnaby,https://www.craigslist.org/view/d/burnaby-2005-ford-escape-xlt/jWhjGDpFjXBb4aAdydqEjP,,,,gas,"288,000",,clean,automatic,SUV,
"2012 Nissan Sentra S, Clean title,Automatic, 4door, Ac, ..............","$2,600",Burnaby,https://www.craigslist.org/view/d/burnaby-2012-nissan-sentra-clean/bVokHhz3nSRTSiTUF9Wt1S,good,4 cylinders,,gas,"225,000",,clean,automatic,sedan,
FORD FUSION SE 2.5L 2012,"$4,800",BURNABY,https://www.craigslist.org/view/d/burnaby-ford-fusion-se-25l-2012/vSemGFtythvnbxUPhphjv9,excellent,4 cylinders,fwd,gas,"198,560",custom,clean,automatic,sedan,
2015 KIA SOUL EX – Automatic | Clean Title,"$4,700",Burnaby,https://www.craigslist.org/view/d/burnaby-2015-kia-soul-ex-automatic/n6QvHcvXXPeMS6pWJXH9Q3,excellent,,,gas,"217,000",red,clean,automatic,hatchback,
2005 Toyota sienta,"$5,500",Burnaby,https://www.craigslist.org/view/d/burnaby-2005-toyota-sienta/bT87gKeMR3PAXswv2fy7WW,,4 cylinders,fwd,gas,"120,000",,clean,automatic,,
2010 Chevrolet Equinox LT,"$6,500",Tsawwassen,https://www.craigslist.org/view/d/delta-southwest-2010-chevrolet-equinox/bBhTTWrFUfbFZGNkFfMWyg,like new,4 cylinders,fwd,gas,"131,000",white,clean,automatic,SUV,
2009 Toyota Corolla,"$3,750",Vancouver,https://www.craigslist.org/view/d/vancouver-2009-toyota-corolla/gRVde1HHSah7MpEXbTu6kE,excellent,4 cylinders,fwd,gas,"179,000",white,clean,automatic,sedan,
BMW 323i,"$1,950",north shore,https://www.craigslist.org/view/d/north-vancouver-east-central-bmw-323i/8bhRrpodwvf9a9GiJu4iMT,,,,gas,"205,000",,clean,automatic,sedan,
"2014 FIAT 500l LOUNGE Clean title, BC vehicle","$5,400",Burnaby,https://www.craigslist.org/view/d/burnaby-2014-fiat-500l-lounge-clean/wMVDWAF9MxhcTcRntoFy3X,excellent,,,gas,"134,000",red,clean,automatic,hatchback,
2016 Kia Soul EV - Must go or Best offer,"$5,900",Surrey,https://www.craigslist.org/view/d/surrey-upper-west-2016-kia-soul-ev-must/eRAHYF3KzrQDZe5QCThihp,like new,4 cylinders,fwd,electric,"104,000",black,clean,automatic,hatchback,KNDJP3AE6G7011470
"2010 Ford Escape - AWD -Back up Camera, Apple Car Play","$4,500",Surrey,https://www.craigslist.org/view/d/surrey-upper-west-2010-ford-escape-awd/64fGAzuGWa6Qkcm9897xZu,excellent,4 cylinders,4wd,gas,"250,082",grey,clean,automatic,SUV,1FMCU9D73AKC86506
"320 CDI Diesel SUV,  320CDI, Beautiful Black Mercedes, VERY Reliable","$7,000",Burnaby,https://www.craigslist.org/view/d/burnaby-320-cdi-diesel-suv-320cdi/8Tpcu9CyAHdZ2rvNpM8xtt,,,,diesel,"204,000",,clean,automatic,SUV,
2014 Honda CRV EX - AWD,"$16,500",tricities/pitt/maple,https://www.craigslist.org/view/d/coquitlam-north-2014-honda-crv-ex-awd/hVALn3VRS6QQ1VHM9pTchP,excellent,4 cylinders,4wd,gas,"142,000",silver,clean,automatic,SUV,
2012 Mercedes-Benz ML 550 4 Matic AMG,"$14,499",Coquitlam,https://www.craigslist.org/view/d/coquitlam-north-2012-mercedes-benz-ml/74oyWM7JZWsxbhvnK5hg5Q,good,8 cylinders,4wd,gas,"194,000",,clean,automatic,SUV,
PT Cruiser,"$2,800",Surrey,https://www.craigslist.org/view/d/surrey-pt-cruiser/3TgKP63bNSkqChakxaNno3,excellent,4 cylinders,fwd,gas,"175,000",red,clean,automatic,hatchback,
Mazda RX8,"$2,800",Surrey,https://www.craigslist.org/view/d/surrey-mazda-rx8/6Xpzt872M4YJJbKS12ZzaH,good,other,rwd,gas,"123,423",grey,clean,manual,coupe,
PT Cruiser,"$2,800",Surrey,https://www.craigslist.org/view/d/surrey-pt-cruiser/3G6xydC7NecYE4RYJVW7PV,excellent,4 cylinders,fwd,gas,"175,000",red,clean,automatic,hatchback,
2019 Toyota Corolla LE – Clean Title – Excellent Condition,"$22,000",Richmond,https://www.craigslist.org/view/d/richmond-2019-toyota-corolla-le-clean/2gWBZwXemXKiPPuFdVrjix,excellent,,,gas,"70,074",silver,clean,automatic,sedan,
"2015 Mercedes Sprinter CAMPER VAN 2500 Bluetec 210,000KM No accidents","$39,950",tricities/pitt/maple,https://www.craigslist.org/view/d/port-coquitlam-north-2015-mercedes/aSXRuE9Vtty5ZHCQmLB8bv,excellent,6 cylinders,rwd,diesel,"210,000",white,clean,automatic,minivan,
2006 BMW 750I,"$12,500",west coquitlam,https://www.craigslist.org/view/d/coquitlam-north-2006-bmw-750i/fiJgmJkeUoXRT9VxhoucBH,like new,8 cylinders,4wd,gas,"149,000",,clean,automatic,sedan,
Mercedes-Benz Slk230,"$8,500",delta/surrey/langley,https://www.craigslist.org/view/d/langley-city-mercedes-benz-slk230/cQxVfgz4vtHmNzTHC1oG5W,like new,,,gas,"70,000",,clean,automatic,,
2010 Dodge Journey - very low kilometers,"$8,400",New Westminster,https://www.craigslist.org/view/d/new-westminster-southwest-2010-dodge/aquav9nuBNSXKXawSYBTeJ,like new,4 cylinders,fwd,gas,"23,000",grey,clean,automatic,SUV,
2012 Nissan juke,"$2,950",Burnaby,https://www.craigslist.org/view/d/burnaby-2012-nissan-juke/gp85wifhjsJYEesFHPzNaU,,,,gas,"250,000",,clean,automatic,,
2014 Jeep Cherokee Sport - One Owner,"$7,650",Surrey,https://www.craigslist.org/view/d/surrey-2014-jeep-cherokee-sport-one/fohpDLcXLxCa5RzSEoSBDE,excellent,4 cylinders,4wd,gas,"136,000",black,clean,automatic,SUV,
2008 Subaru Legacy AWD - Clean Title,"$2,950",Surrey,https://www.craigslist.org/view/d/surrey-2008-subaru-legacy-awd-clean/ae4cedQamkdkpwusMvaT7N,excellent,4 cylinders,4wd,gas,"213,000",grey,clean,automatic,sedan,
2017 Ford Escape AWD - Fully Loaded,"$7,950",Surrey,https://www.craigslist.org/view/d/surrey-2017-ford-escape-awd-fully-loaded/mPFSfV1SacDgxrJyb4GkmC,excellent,4 cylinders,4wd,gas,"167,000",grey,clean,automatic,SUV,
Subaru Forester,"$2,500",West Vancouver,https://www.craigslist.org/view/d/west-vancouver-subaru-forester/j5YaDHjPfkbPLLhJyKF2sS,good,4 cylinders,4wd,gas,"154,152",black,clean,manual,SUV,
Ford F150 4 x 4,"$2,200",New Westminister,https://www.craigslist.org/view/d/new-westminster-northeast-ford-f150-x/hpGB5RtoC5ynZwZnAsB4jY,like new,8 cylinders,,gas,"327,000",,clean,automatic,pickup,
2023 Toyota Corolla Le. No Accidents,"$19,950",Surrey,https://www.craigslist.org/view/d/burnaby-2023-toyota-corolla-le-no/4K2dxuYZ6nW8WEGSufPe3f,excellent,4 cylinders,fwd,gas,"84,850",silver,clean,automatic,sedan,
2016 Kia Sorento SX Turbo AWD,"$16,000","Pitt Meadows, BC",https://www.craigslist.org/view/d/pitt-meadows-2016-kia-sorento-sx-turbo/icJwD6tsJtfuaGMv77fo3c,excellent,4 cylinders,4wd,gas,"101,765",black,clean,automatic,SUV,
FOR SALE: 2012 Hyundai Accent – Clean Title,"$5,500",Surrey,https://www.craigslist.org/view/d/surrey-for-sale-2012-hyundai-accent/hECnLzxqFfjFVbXPaCxLDm,excellent,4 cylinders,fwd,gas,"177,000",blue,clean,automatic,sedan,
2004 Toyota Matrix,"$2,100",Burnaby,https://www.craigslist.org/view/d/burnaby-2004-toyota-matrix/d6nFv9A8JTtAGJ2LMFF27L,like new,4 cylinders,fwd,gas,"299,850",silver,clean,automatic,wagon,
1997 Mustang Cobra Convertible,"$29,500",Burnaby,https://www.craigslist.org/view/d/burnaby-1997-mustang-cobra-convertible/odgJMPwZkAviXoJP188o26,excellent,8 cylinders,rwd,gas,"72,871",white,clean,manual,convertible,
2008 Dodge Grand Caravan SE,"$4,800",Vancouver,https://www.craigslist.org/view/d/vancouver-2008-dodge-grand-caravan-se/4dUZ23ViAWcLR5nXXEf5fc,good,6 cylinders,fwd,gas,"200,000",,clean,automatic,minivan,
2016 Mitsubishi RVR GT AWD - Panoramic Roof - 2.4L Engine - 125 000,"$13,000",UBC,https://www.craigslist.org/view/d/vancouver-2016-mitsubishi-rvr-gt-awd/scX9vJR6tS2yW4e1mZKdBr,excellent,,fwd,gas,"125,000",blue,rebuilt,automatic,SUV,
BMW X1 xDrive28i 2012 - NEW ENGINE- N20 E84 (ONLY 50000 KM DRIVEN),$1,Vancouver,https://www.craigslist.org/view/d/vancouver-bmw-x1-xdrive28i-new-engine/75xU2kugenW26Qnobs8sVB,good,4 cylinders,4wd,gas,"220,000",silver,clean,automatic,SUV,
2018 Chevrolet Impala Premier,"$8,950",Surrey,https://www.craigslist.org/view/d/burnaby-2018-chevrolet-impala-premier/cKc7B89yc1JGsVLdTQrzxF,excellent,6 cylinders,fwd,gas,"107,385",blue,clean,automatic,sedan,
2010 Toyota Venza (Clean title),"$6,999",Richmond,https://www.craigslist.org/view/d/richmond-2010-toyota-venza-clean-title/cgsAAZTDA3cEnrAa2Vj13g,excellent,4 cylinders,4wd,gas,"189,000",blue,clean,automatic,SUV,
2012 Chevrolet express 4500 cube van,"$12,000",tricities/pitt/maple,https://www.craigslist.org/view/d/abbotsford-southeast-2012-chevrolet/qXFU4zQTJPrbnVzm11jbDX,good,8 cylinders,rwd,gas,"199,470",white,clean,automatic,van,
Acura MDX 2005,"$2,500",richmond,https://www.craigslist.org/view/d/richmond-southwest-acura-mdx-2005/dPEHfGzWwwi3HRjRVPPnbv,good,6 cylinders,,gas,"228,000",white,clean,automatic,SUV,
2000 Dodge Durango SLT - WE NEED IT GONE!!!,"$2,950",East Vancouver,https://www.craigslist.org/view/d/vancouver-2000-dodge-durango-slt-we/dzgnUBxprNPdiHd8zYBQqK,good,8 cylinders,rwd,gas,"315,500",black,clean,automatic,SUV,
2002 SILVER MAZDA `ZOOM ZOOM` PROTEGE 5,"$3,750",East Vancouver,https://www.craigslist.org/view/d/vancouver-2002-silver-mazda-zoom-zoom/4YdkzCG99siKy7hYjJ45Pn,good,,,gas,"229,500",silver,clean,automatic,hatchback,
Long Weekend Offers! - 2000 Black Dodge Durango Needs Work!,"$2,799",East Vancouver,https://www.craigslist.org/view/d/vancouver-long-weekend-offers-black/8k76T3R2wvBLg7hGmpLABp,good,8 cylinders,rwd,gas,"315,500",,clean,automatic,truck,
2016 Chevrolet Equinox LT,"$9,800",New Westminster,https://www.craigslist.org/view/d/new-westminster-northeast-2016/9oJd7aimeB8VtiKxmJQqZB,excellent,4 cylinders,,gas,"124,000",grey,clean,automatic,SUV,
2007 Honda Accord Coupe 2+1 doors,"$7,800",New Westminster,https://www.craigslist.org/view/d/new-westminster-southwest-2007-honda/o1nxtu5b2ZtjrHotUCHvT5,excellent,,fwd,gas,"153,000",grey,clean,automatic,coupe,
2009 Kia Sadona  LX,"$4,950",richmond bc east,https://www.craigslist.org/view/d/richmond-northeast-2009-kia-sadona-lx/jy2er6Zhpw5bYzxg6fR4z1,good,6 cylinders,fwd,gas,"239,000",blue,clean,automatic,minivan,
Mercedes Benz G63 AMG matte black,"$85,900",vancouver,https://www.craigslist.org/view/d/vancouver-mercedes-benz-g63-amg-matte/gL3GHeLLBhUaW89iXkwQ2n,like new,8 cylinders,,gas,"79,500",black,clean,automatic,,
2007  volvo s60,"$3,000",surrey,https://www.craigslist.org/view/d/surrey-east-2007-volvo-s60/sXuDr2tEKTBsfMQUncqfLz,good,5 cylinders,fwd,gas,"154,405",grey,clean,automatic,sedan,
Mitsubishi outlander 2010 ( Clean title),"$2,799",Richmond,https://www.craigslist.org/view/d/richmond-mitsubishi-outlander-clean/2zeRtQHTXitTDScXkFfwyG,good,6 cylinders,fwd,gas,"329,000",black,clean,automatic,SUV,
"2002 Honda CRV -$1,500",$1,Port Coquitlam,https://www.craigslist.org/view/d/port-coquitlam-2002-honda-crv-1500/i1a3C3yunVd5Yv5yF8ZJDb,good,4 cylinders,4wd,gas,"302,000",blue,clean,automatic,SUV,
"2007 Honda CRV awd , $3,000 firm",$1,Vancouver,https://www.craigslist.org/view/d/vancouver-2007-honda-crv-awd-firm/uTXA3TyPrUTkXTVW2Z1WeM,good,4 cylinders,4wd,gas,"314,000",grey,clean,automatic,SUV,
2002 Mercedes Benz C320,"$3,800",Richmond,https://www.craigslist.org/view/d/richmond-2002-mercedes-benz-c320/mQSK1q7KA7XqtRe1w5SCjT,excellent,6 cylinders,rwd,gas,"134,800",blue,clean,automatic,sedan,
2002 Dodge Durango,$1,city of vancouver,https://www.craigslist.org/view/d/vancouver-2002-dodge-durango/2DPR85J4RHf8nNvhQge59N,fair,8 cylinders,4wd,gas,"123,456",black,clean,automatic,SUV,
2015 jeep wrangler 2 dr .,"$14,999",Vancouver,https://www.craigslist.org/view/d/vancouver-2015-jeep-wrangler-dr/f4zBu5JGzSqPNsW3dUiP3G,excellent,6 cylinders,4wd,gas,"131,000",black,clean,manual,SUV,
Jeep Patriot 2011,"$2,800",Surrey,https://www.craigslist.org/view/d/surrey-jeep-patriot-2011/dcSjcLREUVuxpvUuof6zfF,excellent,4 cylinders,4wd,gas,"255,124",white,clean,automatic,SUV,
Mercedes GL 350,"$9,900",Surrey,https://www.craigslist.org/view/d/surrey-mercedes-gl-350/mdLegB85zJPbohyvBsCWWZ,excellent,6 cylinders,4wd,diesel,"175,899",silver,clean,automatic,SUV,
Acura RDX 2010,"$4,800",Surrey,https://www.craigslist.org/view/d/surrey-acura-rdx-2010/bpvSdKAbYJBBpqVc6eE5B2,excellent,4 cylinders,4wd,gas,"243,157",black,clean,automatic,SUV,
